Workbook

Sheet Summary
A1: Blob | B1: Total pages | C1: Documents (is_new_doc = Yes) | D1: Cover Letter | E1: Certificate of Quality | F1: Packaging Specification | G1: BSE/TSE Declaration | H1: Material Description | I1: Supplier Qualification | J1: Chain of Custody | K1: Other
A2: blob_A_lactose_standard_order.pdf | B2: =COUNTIF('Page Truth'!$A$2:$A$30,A2) -> 9 | C2: =COUNTIFS('Page Truth'!$A$2:$A$30,A2,'Page Truth'!$C$2:$C$30,"Yes") -> 7 | D2: =COUNTIFS('Page Truth'!$A$2:$A$30,$A2,'Page Truth'!$C$2:$C$30,"Yes",'Page Truth'!$D$2:$D$30,D$1) -> 1 | E2: =COUNTIFS('Page Truth'!$A$2:$A$30,$A2,'Page Truth'!$C$2:$C$30,"Yes",'Page Truth'!$D$2:$D$30,E$1) -> 1 | F2: =COUNTIFS('Page Truth'!$A$2:$A$30,$A2,'Page Truth'!$C$2:$C$30,"Yes",'Page Truth'!$D$2:$D$30,F$1) -> 1 | G2: =COUNTIFS('Page Truth'!$A$2:$A$30,$A2,'Page Truth'!$C$2:$C$30,"Yes",'Page Truth'!$D$2:$D$30,G$1) -> 1 | H2: =COUNTIFS('Page Truth'!$A$2:$A$30,$A2,'Page Truth'!$C$2:$C$30,"Yes",'Page Truth'!$D$2:$D$30,H$1) -> 1 | I2: =COUNTIFS('Page Truth'!$A$2:$A$30,$A2,'Page Truth'!$C$2:$C$30,"Yes",'Page Truth'!$D$2:$D$30,I$1) -> 1 | J2: =COUNTIFS('Page Truth'!$A$2:$A$30,$A2,'Page Truth'!$C$2:$C$30,"Yes",'Page Truth'!$D$2:$D$30,J$1) -> 1 | K2: =COUNTIFS('Page Truth'!$A$2:$A$30,$A2,'Page Truth'!$C$2:$C$30,"Yes",'Page Truth'!$D$2:$D$30,K$1) -> 0
A3: blob_B_magnesium_stearate_shuffled.pdf | B3: =COUNTIF('Page Truth'!$A$2:$A$30,A3) -> 9 | C3: =COUNTIFS('Page Truth'!$A$2:$A$30,A3,'Page Truth'!$C$2:$C$30,"Yes") -> 7 | D3: =COUNTIFS('Page Truth'!$A$2:$A$30,$A3,'Page Truth'!$C$2:$C$30,"Yes",'Page Truth'!$D$2:$D$30,D$1) -> 1 | E3: =COUNTIFS('Page Truth'!$A$2:$A$30,$A3,'Page Truth'!$C$2:$C$30,"Yes",'Page Truth'!$D$2:$D$30,E$1) -> 1 | F3: =COUNTIFS('Page Truth'!$A$2:$A$30,$A3,'Page Truth'!$C$2:$C$30,"Yes",'Page Truth'!$D$2:$D$30,F$1) -> 1 | G3: =COUNTIFS('Page Truth'!$A$2:$A$30,$A3,'Page Truth'!$C$2:$C$30,"Yes",'Page Truth'!$D$2:$D$30,G$1) -> 1 | H3: =COUNTIFS('Page Truth'!$A$2:$A$30,$A3,'Page Truth'!$C$2:$C$30,"Yes",'Page Truth'!$D$2:$D$30,H$1) -> 1 | I3: =COUNTIFS('Page Truth'!$A$2:$A$30,$A3,'Page Truth'!$C$2:$C$30,"Yes",'Page Truth'!$D$2:$D$30,I$1) -> 1 | J3: =COUNTIFS('Page Truth'!$A$2:$A$30,$A3,'Page Truth'!$C$2:$C$30,"Yes",'Page Truth'!$D$2:$D$30,J$1) -> 1 | K3: =COUNTIFS('Page Truth'!$A$2:$A$30,$A3,'Page Truth'!$C$2:$C$30,"Yes",'Page Truth'!$D$2:$D$30,K$1) -> 0
A4: blob_C_mixed_lots_with_noise.pdf | B4: =COUNTIF('Page Truth'!$A$2:$A$30,A4) -> 11 | C4: =COUNTIFS('Page Truth'!$A$2:$A$30,A4,'Page Truth'!$C$2:$C$30,"Yes") -> 10 | D4: =COUNTIFS('Page Truth'!$A$2:$A$30,$A4,'Page Truth'!$C$2:$C$30,"Yes",'Page Truth'!$D$2:$D$30,D$1) -> 2 | E4: =COUNTIFS('Page Truth'!$A$2:$A$30,$A4,'Page Truth'!$C$2:$C$30,"Yes",'Page Truth'!$D$2:$D$30,E$1) -> 3 | F4: =COUNTIFS('Page Truth'!$A$2:$A$30,$A4,'Page Truth'!$C$2:$C$30,"Yes",'Page Truth'!$D$2:$D$30,F$1) -> 1 | G4: =COUNTIFS('Page Truth'!$A$2:$A$30,$A4,'Page Truth'!$C$2:$C$30,"Yes",'Page Truth'!$D$2:$D$30,G$1) -> 1 | H4: =COUNTIFS('Page Truth'!$A$2:$A$30,$A4,'Page Truth'!$C$2:$C$30,"Yes",'Page Truth'!$D$2:$D$30,H$1) -> 0 | I4: =COUNTIFS('Page Truth'!$A$2:$A$30,$A4,'Page Truth'!$C$2:$C$30,"Yes",'Page Truth'!$D$2:$D$30,I$1) -> 0 | J4: =COUNTIFS('Page Truth'!$A$2:$A$30,$A4,'Page Truth'!$C$2:$C$30,"Yes",'Page Truth'!$D$2:$D$30,J$1) -> 1 | K4: =COUNTIFS('Page Truth'!$A$2:$A$30,$A4,'Page Truth'!$C$2:$C$30,"Yes",'Page Truth'!$D$2:$D$30,K$1) -> 2
A5: Total | B5: =SUM(B2:B4) -> 29 | C5: =SUM(C2:C4) -> 24 | D5: =SUM(D2:D4) -> 4 | E5: =SUM(E2:E4) -> 5 | F5: =SUM(F2:F4) -> 3 | G5: =SUM(G2:G4) -> 3 | H5: =SUM(H2:H4) -> 2 | I5: =SUM(I2:I4) -> 2 | ... K5: =SUM(K2:K4) -> 2
A7: Note: counts are formulas over the 'Page Truth' sheet. Labels match the classifier's allowed doc_type values; 'Other' = invoice / fax cover. All data is synthetic.

Sheet Product Facts
A1: Field | B1: Lactose Monohydrate | C1: Magnesium Stearate
A2: Product name | B2: Lactose Monohydrate | C2: Magnesium Stearate
A3: Grade | B3: AlderLac 200M | C3: VeraStear MV
A4: CAS number | B4: 5989-81-1 | C4: 557-04-0
A5: Pharmacopoeia | B5: Ph. Eur. 0187 / USP-NF / JP (harmonised) | C5: Ph. Eur. 0229 / USP-NF / JP (harmonised)
A6: Supplier | B6: Alderwood Excipients GmbH | C6: Verdant Oleochemicals Sdn. Bhd.
A7: Supplier site | B7: Hafenstrasse 22, Ludwigshafen am Rhein, Germany | C7: Plot 18, Tanjung Langsat Industrial Estate, Pasir Gudang, Johor, Malaysia
A8: Customer | B8: Brightvale Pharmaceuticals Ltd. | C8: Brightvale Pharmaceuticals Ltd.
A9: Lot number | B9: AL-260817-03 | C9: VO-260729-11
A10: Date of manufacture | B10: 17 Aug 2026 | C10: 29 Jul 2026
A11: Retest date | B11: 16 Aug 2029 | C11: 28 Jul 2028
A12: QA release date | B12: 02 Sep 2026 | C12: 12 Aug 2026
... A26: Additional lot (blob C only) | B26: AL-260822-01 (CoQ only; mfg 22 Aug 2026; 6,000 kg (240 bags x 25 kg)) | C26: -

Sheet Documents
A1: Product | B1: Lot | C1: Doc type | D1: Document ref (footer) | E1: Pages | F1: Individual file | G1: Signatory
A2: Lactose Monohydrate | B2: AL-260817-03 | C2: Cover Letter | D2: CL-AL-260817-03 | E2: 1 | F2: individual/lactose/01_cover_letter_AL-260817-03.pdf | G2: Mr. Jonas Brandt
A3: Lactose Monohydrate | B3: AL-260817-03 | C3: Certificate of Quality | D3: CoQ-AL-260817-03 | E3: 1 | F3: individual/lactose/02_certificate_of_quality_AL-260817-03.pdf | G3: Dr. Katrin Vogel
A4: Lactose Monohydrate | B4: AL-260817-03 | C4: Packaging Specification | D4: PS-LACTOSE-ALDERL | E4: 2 | F4: individual/lactose/03_packaging_specification_AL-260817-03.pdf | G4: Mr. Jonas Brandt / Dr. Katrin Vogel
A5: Lactose Monohydrate | B5: AL-260817-03 | C5: BSE/TSE Declaration | D5: TSE-AL-260817-03 | E5: 1 | F5: individual/lactose/04_bse_tse_declaration_AL-260817-03.pdf | G5: Dr. Katrin Vogel
A6: Lactose Monohydrate | B6: AL-260817-03 | C6: Material Description | D6: MD-LACTOSE | E6: 1 | F6: individual/lactose/05_material_description_AL-260817-03.pdf | G6: -
A7: Lactose Monohydrate | B7: AL-260817-03 | C7: Supplier Qualification | D7: SQ-ALD-2026-014 | E7: 2 | F7: individual/lactose/06_supplier_qualification_AL-260817-03.pdf | G7: Dr. Katrin Vogel / Mr. Daniel Hargreaves
A8: Lactose Monohydrate | B8: AL-260817-03 | C8: Chain of Custody | D8: COC-AL-260817-03 | E8: 1 | F8: individual/lactose/07_chain_of_custody_AL-260817-03.pdf | G8: Dr. Katrin Vogel
A9: Lactose Monohydrate | B9: AL-260817-03 | C9: Other | D9: INV-7-03 | E9: 1 | F9: individual/lactose/98_invoice_AL-260817-03.pdf | G9: -
A10: Lactose Monohydrate | B10: AL-260817-03 | C10: Other | D10: FAX-TX-0914 | E10: 1 | F10: individual/lactose/99_fax_cover_AL-260817-03.pdf | G10: -
A11: Magnesium Stearate | B11: VO-260729-11 | C11: Cover Letter | D11: CL-VO-260729-11 | E11: 1 | F11: individual/magnesium_stearate/01_cover_letter_VO-260729-11.pdf | G11: Ms. Tan Mei Ling
A12: Magnesium Stearate | B12: VO-260729-11 | C12: Certificate of Quality | D12: CoQ-VO-260729-11 | E12: 1 | F12: individual/magnesium_stearate/02_certificate_of_quality_VO-260729-11.pdf | G12: Ms. Nurul Aisyah Rahman
A13: Magnesium Stearate | B13: VO-260729-11 | C13: Packaging Specification | D13: PS-MGST-VERAST | E13: 2 | F13: individual/magnesium_stearate/03_packaging_specification_VO-260729-11.pdf | G13: Ms. Tan Mei Ling / Ms. Nurul Aisyah Rahman
... A19: Magnesium Stearate | B19: VO-260729-11 | C19: Other | D19: FAX-TX-0914 | E19: 1 | F19: individual/magnesium_stearate/99_fax_cover_VO-260729-11.pdf | G19: -

Sheet Page Truth
A1: Blob | B1: Page | C1: is_new_doc | D1: doc_type | E1: Product | F1: Lot | G1: Source file | H1: Page in doc | I1: Pages in doc
A2: blob_A_lactose_standard_order.pdf | B2: 1 | C2: Yes | D2: Cover Letter | E2: Lactose Monohydrate | F2: AL-260817-03 | G2: 01_cover_letter_AL-260817-03.pdf | H2: 1 | I2: 1
A3: blob_A_lactose_standard_order.pdf | B3: 2 | C3: Yes | D3: Certificate of Quality | E3: Lactose Monohydrate | F3: AL-260817-03 | G3: 02_certificate_of_quality_AL-260817-03.pdf | H3: 1 | I3: 1
A4: blob_A_lactose_standard_order.pdf | B4: 3 | C4: Yes | D4: Packaging Specification | E4: Lactose Monohydrate | F4: AL-260817-03 | G4: 03_packaging_specification_AL-260817-03.pdf | H4: 1 | I4: 2
A5: blob_A_lactose_standard_order.pdf | B5: 4 | C5: No | E5: Lactose Monohydrate | F5: AL-260817-03 | G5: 03_packaging_specification_AL-260817-03.pdf | H5: 2 | I5: 2
A6: blob_A_lactose_standard_order.pdf | B6: 5 | C6: Yes | D6: BSE/TSE Declaration | E6: Lactose Monohydrate | F6: AL-260817-03 | G6: 04_bse_tse_declaration_AL-260817-03.pdf | H6: 1 | I6: 1
A7: blob_A_lactose_standard_order.pdf | B7: 6 | C7: Yes | D7: Material Description | E7: Lactose Monohydrate | F7: AL-260817-03 | G7: 05_material_description_AL-260817-03.pdf | H7: 1 | I7: 1
A8: blob_A_lactose_standard_order.pdf | B8: 7 | C8: Yes | D8: Supplier Qualification | E8: Lactose Monohydrate | F8: AL-260817-03 | G8: 06_supplier_qualification_AL-260817-03.pdf | H8: 1 | I8: 2
A9: blob_A_lactose_standard_order.pdf | B9: 8 | C9: No | E9: Lactose Monohydrate | F9: AL-260817-03 | G9: 06_supplier_qualification_AL-260817-03.pdf | H9: 2 | I9: 2
A10: blob_A_lactose_standard_order.pdf | B10: 9 | C10: Yes | D10: Chain of Custody | E10: Lactose Monohydrate | F10: AL-260817-03 | G10: 07_chain_of_custody_AL-260817-03.pdf | H10: 1 | I10: 1
A11: blob_B_magnesium_stearate_shuffled.pdf | B11: 1 | C11: Yes | D11: BSE/TSE Declaration | E11: Magnesium Stearate | F11: VO-260729-11 | G11: 04_bse_tse_declaration_VO-260729-11.pdf | H11: 1 | I11: 1
A12: blob_B_magnesium_stearate_shuffled.pdf | B12: 2 | C12: Yes | D12: Certificate of Quality | E12: Magnesium Stearate | F12: VO-260729-11 | G12: 02_certificate_of_quality_VO-260729-11.pdf | H12: 1 | I12: 1
A13: blob_B_magnesium_stearate_shuffled.pdf | B13: 3 | C13: Yes | D13: Cover Letter | E13: Magnesium Stearate | F13: VO-260729-11 | G13: 01_cover_letter_VO-260729-11.pdf | H13: 1 | I13: 1
A14: blob_B_magnesium_stearate_shuffled.pdf | B14: 4 | C14: Yes | D14: Material Description | E14: Magnesium Stearate | F14: VO-260729-11 | G14: 05_material_description_VO-260729-11.pdf | H14: 1 | I14: 1
A15: blob_B_magnesium_stearate_shuffled.pdf | B15: 5 | C15: Yes | D15: Packaging Specification | E15: Magnesium Stearate | F15: VO-260729-11 | G15: 03_packaging_specification_VO-260729-11.pdf | H15: 1 | I15: 2
A16: blob_B_magnesium_stearate_shuffled.pdf | B16: 6 | C16: No | E16: Magnesium Stearate | F16: VO-260729-11 | G16: 03_packaging_specification_VO-260729-11.pdf | H16: 2 | I16: 2
A17: blob_B_magnesium_stearate_shuffled.pdf | B17: 7 | C17: Yes | D17: Chain of Custody | E17: Magnesium Stearate | F17: VO-260729-11 | G17: 07_chain_of_custody_VO-260729-11.pdf | H17: 1 | I17: 1
A18: blob_B_magnesium_stearate_shuffled.pdf | B18: 8 | C18: Yes | D18: Supplier Qualification | E18: Magnesium Stearate | F18: VO-260729-11 | G18: 06_supplier_qualification_VO-260729-11.pdf | H18: 1 | I18: 2
A19: blob_B_magnesium_stearate_shuffled.pdf | B19: 9 | C19: No | E19: Magnesium Stearate | F19: VO-260729-11 | G19: 06_supplier_qualification_VO-260729-11.pdf | H19: 2 | I19: 2
A20: blob_C_mixed_lots_with_noise.pdf | B20: 1 | C20: Yes | D20: Other | E20: Lactose Monohydrate | F20: AL-260817-03 | G20: 99_fax_cover_AL-260817-03.pdf | H20: 1 | I20: 1
A21: blob_C_mixed_lots_with_noise.pdf | B21: 2 | C21: Yes | D21: Cover Letter | E21: Lactose Monohydrate | F21: AL-260817-03 | G21: 01_cover_letter_AL-260817-03.pdf | H21: 1 | I21: 1
A22: blob_C_mixed_lots_with_noise.pdf | B22: 3 | C22: Yes | D22: Certificate of Quality | E22: Lactose Monohydrate | F22: AL-260817-03 | G22: 02_certificate_of_quality_AL-260817-03.pdf | H22: 1 | I22: 1
A23: blob_C_mixed_lots_with_noise.pdf | B23: 4 | C23: Yes | D23: Certificate of Quality | E23: Lactose Monohydrate | F23: AL-260822-01 | G23: coq_l2.pdf | H23: 1 | I23: 1
A24: blob_C_mixed_lots_with_noise.pdf | B24: 5 | C24: Yes | D24: BSE/TSE Declaration | E24: Lactose Monohydrate | F24: AL-260817-03 | G24: 04_bse_tse_declaration_AL-260817-03.pdf | H24: 1 | I24: 1
A25: blob_C_mixed_lots_with_noise.pdf | B25: 6 | C25: Yes | D25: Other | E25: Lactose Monohydrate | F25: AL-260817-03 | G25: 98_invoice_AL-260817-03.pdf | H25: 1 | I25: 1
A26: blob_C_mixed_lots_with_noise.pdf | B26: 7 | C26: Yes | D26: Cover Letter | E26: Magnesium Stearate | F26: VO-260729-11 | G26: 01_cover_letter_VO-260729-11.pdf | H26: 1 | I26: 1
A27: blob_C_mixed_lots_with_noise.pdf | B27: 8 | C27: Yes | D27: Certificate of Quality | E27: Magnesium Stearate | F27: VO-260729-11 | G27: 02_certificate_of_quality_VO-260729-11.pdf | H27: 1 | I27: 1
A28: blob_C_mixed_lots_with_noise.pdf | B28: 9 | C28: Yes | D28: Packaging Specification | E28: Magnesium Stearate | F28: VO-260729-11 | G28: 03_packaging_specification_VO-260729-11.pdf | H28: 1 | I28: 2
A29: blob_C_mixed_lots_with_noise.pdf | B29: 10 | C29: No | E29: Magnesium Stearate | F29: VO-260729-11 | G29: 03_packaging_specification_VO-260729-11.pdf | H29: 2 | I29: 2
A30: blob_C_mixed_lots_with_noise.pdf | B30: 11 | C30: Yes | D30: Chain of Custody | E30: Magnesium Stearate | F30: VO-260729-11 | G30: 07_chain_of_custody_VO-260729-11.pdf | H30: 1 | I30: 1
